Australian Domestic Air Fare Indexes,Unnamed: 1,Unnamed: 2,Unnamed: 3,Unnamed: 4,Unnamed: 5,Unnamed: 6,Unnamed: 7,Unnamed: 8
Disclaimer,,,,,,,,
Survey month,Real Business Class,Real Business Class (13 Month Moving Average),Real Full Economy,Real Full Economy (13 Month Moving Average),Real Restricted Economy,Real Restricted Economy (13 Month Moving Average),Real Best Discount,Real Best Discount (13 Month Moving Average)
1992-10-01 00:00:00,71.2666817846802,71.43088721455948,86.79684093199842,87.2508266873709,n.a.,,125.74971505083235,125.79434816037488
1992-11-01 00:00:00,71.51771545819702,71.3151686132376,87.06771649877899,87.30772288018521,n.a.,,127.1072926593308,123.69399057003861
1992-12-01 00:00:00,71.7400394305989,71.3373918646781,87.92414699046685,87.34637392040067,n.a.,,128.03906877708943,121.3646081023218
1993-01-01 00:00:00,71.20185859448996,71.3991936049743,87.3737362419065,87.34479663476364,n.a.,,109.16406112197734,119.28369449098167
1993-02-01 00:00:00,71.65807609472354,71.65057172029586,87.23284963628147,87.30890921048099,n.a.,,117.62041019567747,117.75155425054098
1993-03-01 00:00:00,71.65807609472354,72.18495722792818,86.8549471931108,87.24732689684592,n.a.,,115.7923250327927,117.06539966714166
1993-04-01 00:00:00,71.420223104153,73.00733789855477,86.9517335218587,87.17896916387099,n.a.,,120.12898229850609,116.28168251557624
1993-05-01 00:00:00,74.98827188615309,73.97247650089331,87.26105959439779,87.14024707085332,n.a.,,118.56501461975677,117.50618205110338
1993-06-01 00:00:00,76.01318264518383,74.85264916308405,87.33486256098705,87.13692081686192,n.a.,,120.87240750187036,119.5015907964664
1993-07-01 00:00:00,75.64094889888368,75.47760478723427,86.8618032227763,87.14312059623124,n.a.,,110.43855528598364,121.94691097381443
1993-08-01 00:00:00,75.22447779165141,75.78259666561378,87.04919314732349,87.12215044406665,n.a.,,125.90667882652984,124.67868650108556
1993-09-01 00:00:00,75.76433228900257,75.81612980444079,87.05354553953511,87.07393974596563,n.a.,,140.02054510448167,127.50822187435529
1993-10-01 00:00:00,75.64053436042576,75.69816346778045,86.91130118407835,87.01447104658205,n.a.,,125.53351383280052,129.40462420337573
1993-11-01 00:00:00,75.64053436042576,75.51225669144753,86.92247036060915,86.93900466430308,n.a.,,123.01975177054663,129.91641995636726
1993-12-01 00:00:00,75.64053436042576,75.32274547532536,86.92513185745601,86.803904409159,n.a.,,138.5028163418921,128.96021985948673
1994-01-01 00:00:00,75.2909832816391,75.21298784696661,86.53906181095643,86.63998632839699,n.a.,,123.64743625574009,127.1538713884352
1994-02-01 00:00:00,75.2909832816391,75.36091694049698,86.549306671069,86.53472981232436,n.a.,,124.43830573689529,125.01626513656397
1994-03-01 00:00:00,75.2909832816391,75.89288838646844,86.549306671069,86.56597448968704,n.a.,,120.74251843163083,123.11220605037043
1994-04-01 00:00:00,75.26669306800854,76.79619528841786,85.99002197529474,86.76095104327663,n.a.,,123.62380474493474,121.1118667156215
1994-05-01 00:00:00,78.63991553852942,77.88453514246339,86.67896774964547,87.07871003545014,n.a.,,120.81200770531007,119.22825402635662
1994-06-01 00:00:00,80.14719963781725,78.89235533696694,88.23058674212304,87.41557590954339,n.a.,,118.51907705419475,118.17098729130028
1994-07-01 00:00:00,79.75884329394381,79.60439886428658,87.71541246348035,87.6773094826024,n.a.,,111.89981413471256,118.50425952154184
1994-08-01 00:00:00,79.75884329394381,79.90454427671004,87.71541246348035,87.77956364664826,n.a.,,122.52057958720219,119.5376600640157
1994-09-01 00:00:00,79.75884329394381,79.80619884447471,87.74818995056714,87.67515841305467,n.a.,,118.12464578965567,120.90198514104289
1994-10-01 00:00:00,79.12484796833503,79.46454282514536,87.04646529218769,87.39760742904123,n.a.,,124.95731147470573,121.86508363253293
1994-11-01 00:00:00,79.08578044085003,79.06067864343207,87.04905361919435,87.01927345857442,n.a.,,124.66605179312083,122.09387298576638
1994-12-01 00:00:00,79.08578044085003,78.67518636211302,86.99301151188912,86.60097412615121,n.a.,,128.3182755282252,121.69269483441413
1995-01-01 00:00:00,77.8419949393792,78.28281736458105,85.65331809306404,86.17275015909168,n.a.,,107.24939800115318,120.8990141778741
1995-02-01 00:00:00,77.8419949393792,77.8324163595598,85.66309261855722,85.69080166761904,n.a.,,122.99963327649839,120.12759329373435
1995-03-01 00:00:00,77.8419949393792,77.36357953944122,85.66146686061585,85.20047465976602,n.a.,,119.74115698699387,119.4836720087511
1995-04-01 00:00:00,76.75918511796587,76.98384162605454,84.46988540505859,84.80935152144407,n.a.,,122.87890555301578,118.93965363948153
1995-05-01 00:00:00,76.75918511796587,76.80085320486856,84.58324403122376,84.62214655133725,n.a.,,121.40536263474745,118.63014134091041
1995-06-01 00:00:00,76.75918511796587,76.85348427344503,84.60320322967164,84.67214794321173,n.a.,,110.42126297083352,117.99756412050615
1995-07-01 00:00:00,75.8216683531663,77.09609761632893,83.57422835123698,84.90936962215065,n.a.,,118.9187253123915,117.07985045318158
1995-08-01 00:00:00,78.38639869838327,77.43260128888296,86.13354941800434,85.23935073386423,n.a.,,114.2047909608583,115.76264968200174
1995-09-01 00:00:00,78.39789707053477,77.69311922587274,86.18497484591899,85.52918014780929,n.a.,,121.07185230839288,114.52905705858305
1995-10-01 00:00:00,77.8039736078792,77.80262758570663,85.55645303705784,85.68629386716894,n.a.,,112.72402876235992,113.67194732166443
1995-11-01 00:00:00,77.80905243624092,77.82863362602163,85.55817640217091,85.71620419342733,n.a.,,108.1072078422225,113.50461766936216
1995-12-01 00:00:00,77.81038612911405,77.91592325959125,85.61169458716631,85.69047638173252,n.a.,,116.30650608241234,113.41564369401019
1996-01-01 00:00:00,77.59224784100228,78.17951603119178,85.35546340939723,85.68320348658597,n.a.,,104.53962950312808,113.049800127446
1996-02-01 00:00:00,77.59224784100228,78.66256776766332,85.35546340939723,85.75551243488546,n.a.,,123.04296009129865,112.82381924623667
1996-03-01 00:00:00,80.60975664455725,79.19837758530372,86.55328888271308,85.83306980304542,n.a.,,119.31082245519677,112.33401666646903
1996-04-01 00:00:00,80.00548560524273,79.61795726786653,85.92796690781265,85.83815293148578,n.a.,,104.46306045752516,111.67986039121394
1996-05-01 00:00:00,80.2272957103657,79.95461537637615,85.92796690781265,85.85674326060384,n.a.,,102.81174311758909,111.37338436773362
1996-06-01 00:00:00,80.23167673092439,80.29268962694773,85.97695668114551,85.97323961322755,n.a.,,116.88882847753932,111.88560490358923
1996-07-01 00:00:00,79.99255539296145,80.75767549534518,85.72938599203079,86.27698762052988,n.a.,,120.80094376322901,114.1575195139549
1996-08-01 00:00:00,79.99255539296145,81.48282059783716,85.73539258456233,86.85811501151133,n.a.,,107.4702958533256,117.91836791343788
1996-09-01 00:00:00,84.01395585980916,82.48981998902724,88.90463798919646,87.71643019235245,n.a.,,125.92666807000339,122.07244215989357
1996-10-01 00:00:00,83.8885618958393,83.6137838689328,88.77494245533823,88.70751826704343,n.a.,,124.90783338630824,125.36607725686174
1996-11-01 00:00:00,83.8885618958393,84.59583151202524,88.77494245533823,89.63283398147912,n.a.,,124.89496236415346,127.4913434000271
1996-12-01 00:00:00,86.05147197503055,85.32141236811712,91.16055894590282,90.38132648318492,n.a.,,143.51128884336012,127.87985540717085
1997-01-01 00:00:00,85.9325118703303,85.76220015063701,91.27851253301166,90.90146706486354,n.a.,,113.72700545075698,126.34603154591319
1997-02-01 00:00:00,85.93008196391537,86.01742964387088,91.08182804816778,91.24936331247925,n.a.,,125.47833980795926,123.70200371807293
1997-03-01 00:00:00,85.86943710494977,86.17660744592871,91.08182804816778,91.5346707594747,n.a.,,130.38520757953438,121.38387392359624
1997-04-01 00:00:00,86.28018436426514,86.33572691392756,91.65705486053723,91.82292623242441,n.a.,,112.97139468869644,121.32916737574108
1997-05-01 00:00:00,86.89287810865515,86.55684933834911,92.2457230207376,92.10413937165221,n.a.,,112.59633251718508,124.18522592337305
1997-06-01 00:00:00,86.90006731451112,86.9745115107837,92.27714042283463,92.40178243845195,n.a.,,136.5944633225466,129.20628213745871
1997-07-01 00:00:00,87.28243995705628,87.61915864862905,92.80357888445792,92.67026742839745,n.a.,,137.33753367881516,135.5424454458781
1997-08-01 00:00:00,87.34621026385999,88.39715723383935,92.85244022714981,92.82250913769653,n.a.,,137.7293734484326,141.04920824339825
1997-09-01 00:00:00,90.22892587908122,89.19843193472548,92.94602242536031,92.86518141542665,n.a.,,155.0989956479402,144.37826810863046
1997-10-01 00:00:00,90.08943263289515,89.89916602833206,92.69218393497178,92.85404656335729,n.a.,,140.20520601587654,144.9355913883572
1997-11-01 00:00:00,90.6183408995497,90.39266407889527,92.69218393497178,92.83640988742319,n.a.,,139.73017863574103,143.3502254904058
1997-12-01 00:00:00,90.64172805049671,90.5619946957869,92.72107442880613,92.77081117182918,n.a.,,154.40479540115973,140.1069809260042
1998-01-01 00:00:00,90.41588657399426,90.46641398240652,92.81271487851235,92.71187478422078,n.a.,,115.11535280961056,136.21039244762457
1998-02-01 00:00:00,90.41588657399426,90.34280017052599,92.89751161251486,92.74679982206375,n.a.,,140.64503377606684,132.0524875931217
1998-03-01 00:00:00,90.41588657399426,90.41634002235625,92.89751161251486,92.92525967871555,n.a.,,141.04298406406318,128.0079266327926
1998-04-01 00:00:00,90.10318228496638,90.77707934892034,92.65226184326411,93.2481408400882,n.a.,,113.91354304878526,125.08674508421555
1998-05-01 00:00:00,90.11769854174649,91.33083473348567,92.65701459016807,93.67357129464004,n.a.,,114.32754154057537,124.26566659930171
1998-06-01 00:00:00,93.25679494969772,91.94206053395604,95.69206226001685,94.13675801523905,n.a.,,140.81856319557545,126.07358081280495
1998-07-01 00:00:00,93.11693910627886,92.43448267502626,94.40498428289044,94.54228523920204,n.a.,,115.5101399904017,129.73254483863985
1998-08-01 00:00:00,92.62264572301983,92.69744310310551,94.67928828377136,94.8063137664106,n.a.,,133.5208418150276,134.1738871402618
1998-09-01 00:00:00,92.6318545041319,92.71002820783546,94.6906931009592,94.89322962640517,n.a.,,153.66115070455746,138.5600990170122
1998-10-01 00:00:00,92.22197904172424,92.55755656402344,94.82870264545268,94.83775137710313,n.a.,,137.8617300361981,141.53946513740235
1998-11-01 00:00:00,92.33601450952892,92.38990084927427,94.93564944992356,94.722510659629,n.a.,,139.7650013380552,142.86715172798793
1998-12-01 00:00:00,92.33601450952892,92.32867070453258,94.37865507605561,94.61625022095288,n.a.,,140.05919172184394,142.0986754131672
1999-01-01 00:00:00,92.34067813175795,92.38836133349356,94.39005587712347,94.52348167467466,n.a.,,140.1640630339424,139.34797659715628
1999-02-01 00:00:00,92.34067813175795,92.46171152600274,94.40380255304379,94.40730511135324,n.a.,,140.20153045457818,134.82632910879622
1999-03-01 00:00:00,92.77611800368167,92.4908408686572,94.41202744144059,94.2991258639169,n.a.,,140.14665119817585,130.0232364168469
1999-04-01 00:00:00,92.36741263802669,92.44781239120229,93.99611542628006,94.19099795398677,n.a.,,112.71969596416727,125.76626388799517
1999-05-01 00:00:00,92.36741263802669,92.31844686353806,93.99611542628006,94.05888142050142,n.a.,,112.53759436716076,123.23383131712238
1999-06-01 00:00:00,92.36741263802669,92.11399527496035,93.99611542628006,93.86702002186038,n.a.,,138.2144910884043,123.44228153523859
1999-07-01 00:00:00,91.56071034424478,91.87243949697931,93.7357245194996,93.63171305589654,n.a.,,113.12095444634754,126.91745700660074
1999-08-01 00:00:00,91.56071034424478,91.63049023077632,93.20906996135686,93.38258458157024,n.a.,,137.48441650804625,131.65968209684462
1999-09-01 00:00:00,91.55546702482546,91.40039950801939,93.20241137328702,93.14081563875433,n.a.,,137.9502663757846,135.1064248622015
1999-10-01 00:00:00,91.02547879313329,91.18717615779427,92.67486398577391,92.94602409542708,n.a.,,137.3398762225946,135.63237461345426
1999-11-01 00:00:00,91.02547879313329,90.91646646530836,92.67486398577391,92.7657051222763,n.a.,,137.36889271880696,134.60994605041085
1999-12-01 00:00:00,91.02547879313329,90.6050798485161,93.07454190732986,92.61236011006673,n.a.,,143.28839271441802,132.86388863373062
2000-01-01 00:00:00,90.24306159689466,90.2919503734771,92.29372779832373,92.49396354682426,n.a.,,102.94476491187076,131.1943255621962
2000-02-01 00:00:00,90.24306159689466,90.14491134006214,92.8170123136124,92.52906009607955,n.a.,,136.61844914185122,129.32006982109647
2000-03-01 00:00:00,90.24306159689466,90.36955297801849,92.830013702171,92.87792591395879,n.a.,,135.31479688810975,128.9600323391308
2000-04-01 00:00:00,89.60030474791394,91.07002434780686,92.16883126839484,93.64471506997162,n.a.,,142.09973584678588,128.05190089691095
2000-05-01 00:00:00,92.7320577412578,92.1806597510335,95.08503729284857,94.77842622707267,n.a.,,101.49388629687881,125.63232087355348
2000-06-01 00:00:00,92.76329921857574,93.48843398540701,95.44359119419632,96.09099399126549,n.a.,,138.13292016817186,121.91837585259535
2000-07-01 00:00:00,96.04754947301016,94.7147589708005,98.61719265672322,97.33194498307965,n.a.,,109.12712533029102,118.9354488474944
2000-08-01 00:00:00,96.04754947301016,95.61624433773463,98.62396434720172,98.26899436573225,n.a.,,139.08061211857202,117.2561956226441
2000-09-01 00:00:00,96.05607524119881,96.06904179593539,98.75148565645965,98.77406843767223,n.a.,,75.0879023593886,117.11318130039943
2000-10-01 00:00:00,95.79326792179747,96.08604347110499,98.49022649495343,98.83366189201384,n.a.,,134.52852852855364,116.9734974693613
2000-11-01 00:00:00,95.80718465785736,95.83346603985979,98.54838220863286,98.60487532330212,n.a.,,128.22200409108964,115.31361038242514
2000-12-01 00:00:00,95.82528318378715,95.53141225736137,98.69488520242177,98.3090663401664,n.a.,,122.70325176662607,111.5442827002536
2001-01-01 00:00:00,95.02494963912086,95.28138625202736,97.7449878484788,98.03088813081763,n.a.,,82.98880861154981,106.80397981731277
2001-02-01 00:00:00,94.98032145555594,95.1854204198521,97.66030988455005,97.88705034644303,n.a.,,109.44197093387012,101.81434703972602
2001-03-01 00:00:00,94.99830716823517,95.25153214041063,97.68629511963576,97.95142446862326,n.a.,,102.71746348662555,98.31601253332714
2001-04-01 00:00:00,95.80598856832161,95.52699341140088,98.58381569670146,98.32796544317094,n.a.,,82.4071691659201,97.43716293094239
2001-05-01 00:00:00,95.86995779981163,95.97384513747002,98.64981533836682,98.99246135561472,n.a.,,107.55432819993023,100.47258544661021
2001-06-01 00:00:00,95.88665447381706,96.48115213157769,98.70252916352972,99.80284269565237,n.a.,,105.83279088806583,104.7856380800567
2001-07-01 00:00:00,97.46832265611395,96.92318697004764,101.56620753633682,100.57207175920942,n.a.,,111.96205387702041,109.42624207682162
2001-08-01 00:00:00,97.45976078472137,97.19049247773826,101.66717055564423,101.10581355889927,n.a.,,106.60040088587472,113.77177823352552
2001-09-01 00:00:00,97.61689319132864,97.23501342827763,101.63919271331851,101.31018368494648,n.a.,,121.41233909910241,116.71137568579852
2001-10-01 00:00:00,96.7530374194888,97.09379723439794,100.74597737629452,101.20617601783603,n.a.,,121.31917634229863,116.88670428956281
2001-11-01 00:00:00,96.75162484995045,96.8483378989016,100.72830464338618,100.89213447015447,n.a.,,114.29706845813425,115.65587300519847
2001-12-01 00:00:00,96.75162484995045,96.5846903545782,100.72711053383105,100.5112195417926,n.a.,,121.68689075270427,114.54514959432382
2002-01-01 00:00:00,95.93882126013517,96.39132016820109,99.5327138212047,100.18580842375906,n.a.,,103.21038415490843,113.67411673278927
2002-02-01 00:00:00,96.22525060515348,96.26662107301613,100.13779177464174,99.96149194107888,n.a.,,102.24169771389678,113.46550471765708
2002-03-01 00:00:00,96.69452310781996,96.16729046067482,100.07581744038197,99.76299790403685,107.04561263073664,107.16926544451813,124.05079565752523,113.90849574306739
2002-04-01 00:00:00,95.98002871950013,96.10930710234082,99.42425450575196,99.58066515474383,108.4676066882833,106.67143579917433,125.29707098182556,114.52102286618526
2002-05-01 00:00:00,96.00811785442693,96.0471547984525,99.44843804654238,99.42071713564442,105.03317548604558,106.15361167902319,108.77222320280264,114.4932990687984
2002-06-01 00:00:00,96.0331643703578,95.98925331651022,98.92875539383274,99.2818384835655,104.8435483533221,105.64018587825505,109.4174547687471,113.76723530645157
2002-07-01 00:00:00,95.70075588319581,96.043019106784,99.46637243112366,99.1700272972117,106.13320495464696,105.1984308093344,113.42751382330145,112.92730303566667
2002-08-01 00:00:00,96.8442753244654,96.37225411230258,98.80739612445524,99.17209493491663,104.42122987529105,104.91499586720627,112.35196523566991,112.56261637930899
2002-09-01 00:00:00,96.62501429436185,96.8706398829094,99.34657278441505,99.1539006173666,104.48359110509398,104.82154416850409,111.66817866086866,112.70320467137228
2002-10-01 00:00:00,95.8742337952117,97.3412423559045,98.77987781574393,98.95707893061196,105.05017811261173,104.8091973927426,113.38450617040863,112.35832655785408
2002-11-01 00:00:00,98.86876929790165,97.70107696700065,98.69379064164735,98.58144129027208,104.93945385698503,104.69780599576636,113.67330759463117,110.535709082271
2002-12-01 00:00:00,99.77757197156576,97.98726151474385,99.23989153455706,98.15746506971536,104.78754176666011,104.44825759479392,113.19809985954527,107.72586222196819
2003-01-01 00:00:00,98.39313240144148,98.27422930928797,98.34580257760334,97.81048137765727,103.9367546273585,104.20589548324568,100.96672094096965,105.01708582747068
2003-02-01 00:00:00,95.24288158955791,98.67131857697252,94.29836935013356,97.67925239422537,103.9422100820228,103.9768357175158,92.76547569625396,102.94666511137292
2003-03-01 00:00:00,99.73241430707525,99.08988161671677,98.89706672544288,97.83379574247992,103.33633104241152,103.65619816418551,106.23652724006209,101.44070183952887
2003-04-01 00:00:00,100.71032509477831,99.46246617558113,98.97037217684785,98.26506869171139,102.23437000390052,103.21224028395648,104.31698337392551,100.95109703838071
2003-05-01 00:00:00,100.49274078614923,99.80968335567994,98.95086272603291,98.8514305282863,104.67898924685983,102.63552081448339,104.12669815682868,101.70632496893187
2003-06-01 00:00:00,100.48215481941521,100.17806574897236,98.95000763356829,99.40845683942855,102.28884814975534,101.89987162408607,99.47137888169732,102.87366190416171
2003-07-01 00:00:00,100.00000000000001,100.53979570591267,100,99.77997597651941,100,100.99308332969046,100,104.09026667418036
2003-08-01 00:00:00,98.41467910720633,100.95600911028147,100.1240489536665,99.91916199842069,99.11733642386771,100.00688382992684,102.45607575806943,105.27610811612459
2003-09-01 00:00:00,103.01497586048703,101.50782764173685,100.13145804989112,99.92505410416221,99.89404580821733,99.09373631360243,118.49460288678456,105.93915191010271
2003-10-01 00:00:00,102.49299058873572,102.14307060757437,99.71293137483629,99.98922610793821,99.14668682081414,98.39661036100738,103.7012263495502,106.28577101529704
2003-11-01 00:00:00,103.35508817953769,102.59670052413313,99.25955260252591,99.92169407158364,97.04042097561009,97.88138897253786,98.06368597537428,106.24536387742552
2003-12-01 00:00:00,102.68827689194318,102.74784614166339,100.3495097135818,99.6177805453192,97.07037564510365,97.55912628572135,115.0979696206917,105.51361251665458
2004-01-01 00:00:00,102.08620965486179,102.57192437976798,99.2313296675549,99.12788062469893,98.31975443752779,97.5003749245119,96.74723932301917,104.26469835817714
2004-02-01 00:00:00,102.07818816789194,102.19843427910727,99.23920574256158,98.61194322157407,97.99131816420655,97.87282730180806,96.63388964777089,102.4735399994742
2004-03-01 00:00:00,102.0768469402169,101.76475399654709,99.25061665215375,98.17868697394425,98.0145657944317,98.67049166983348,118.37030584869547,99.59536856087249
2004-04-01 00:00:00,101.72739864443777,101.47643583953561,94.56338248786878,98.00728692636012,97.54711913223385,99.73881231842896,89.46425235973045,95.77618346808624
2004-05-01 00:00:00,101.49925362153881,101.44245411789616,98.7548494543633,98.25229137013821,103.21344150875625,100.83211013583791,85.517488220156,91.35352068652533
2004-06-01 00:00:00,100.98218884543222,101.80456468452651,100.10330544098377,98.96134503446726,102.77010678933593,101.80544070515857,94.59675607362598,87.21724886893507
2004-07-01 00:00:00,102.24827944858167,102.56185475619392,99.93145871550766,100.02226182213712,102.1891817797239,102.5740115229127,74.34189812956618,84.32743356057763
2004-08-01 00:00:00,102.28767387167639,103.6065032535158,100.15890928325605,101.19154552289214,102.34739362956853,103.14404436527182,83.92972857387687,83.13841950100347
2004-09-01 00:00:00,106.6450284737051,104.7042059126027,103.0204301327125,102.21594006926557,103.85580126727845,103.54824491601686,92.95841496771342,83.62748454066545
2004-10-01 00:00:00,105.89510366601677,105.57743986254954,103.0475941519185,102.9103198031819,103.78567485802076,103.97498678965452,74.26688920270206,84.71429573079625
2004-11-01 00:00:00,106.16197983348077,106.02659272689905,103.78080827144092,103.26088421146396,104.81950698134008,104.84324392514306,86.32626304718289,85.4054533682702
2004-12-01 00:00:00,106.15608347105855,106.0560996329028,103.5905318132806,103.36270758728578,104.80249753101835,106.00617604054908,95.76697629158797,85.63694999031642
2005-01-01 00:00:00,105.66210337288331,105.91072665329938,102.98471095840952,103.30336215098268,106.70411113269253,106.77831883891929,80.84636965167373,85.74234286421594
2005-02-01 00:00:00,105.58597864807584,105.85222839671766,103.1787898275887,103.38291396043887,105.94068322692182,106.59957992100227,81.97447271007397,85.55597377270732
2005-03-01 00:00:00,105.5218287078898,105.99322031798945,103.27894743463627,103.76394632795238,108.40831375491086,105.18234567552275,87.86932483053397,84.96143922591257
2005-04-01 00:00:00,105.89429006119262,106.46824084866168,103.57794002546729,104.38568929092675,107.85674017923407,102.65224311356536,83.15097376689542,84.13283562012711
2005-05-01 00:00:00,107.31677368567583,107.15222233745634,104.8592288504949,105.01419353417286,94.31682806161555,99.53835568495865,84.0688889949918,83.75304417409006
2005-06-01 00:00:00,108.20856866566433,107.65597850996583,107.4642403946958,105.44746963972058,94.57281940497167,96.61446641824504,94.28096527346845,84.13349822567358
2005-07-01 00:00:00,106.31511529979299,107.4318914594878,106.43355033605003,105.57328472346485,94.06511247536555,94.53156540233347,67.96793791430457,85.61227029796453
2005-08-01 00:00:00,107.18003981007556,106.11896533916043,103.76973922911282,105.35324461879435,93.56647220486481,93.57390972151052,87.8670666675424,88.01738854671368
2005-09-01 00:00:00,108.02097294676172,103.8047403334379,105.02670479616843,104.93578368483713,94.63299326698595,93.52647615147382,102.30477868879923,90.59964936591764
2005-10-01 00:00:00,100.15867990857433,101.01300846802842,104.53546742645815,104.60816772387719,94.01108915537466,93.88620275562612,87.19628747719835,92.50194218468394
2005-11-01 00:00:00,95.29011108182895,98.43143538698492,104.77299721366909,104.60717366475345,94.22756080701097,94.07442401753096,92.01963043880498,93.58011674347891
2005-12-01 00:00:00,94.9171590676479,96.47009549860526,104.85488941775006,104.87393671057016,94.17630159835777,93.88463112106109,108.48087487437122,93.29343094628908
2006-01-01 00:00:00,95.23028311151299,95.40646011661161,103.79248025152349,105.28316826982673,93.37456742204574,93.56736298871,76.35427751189968,91.6819717713996
2006-02-01 00:00:00,97.21127946484677,95.29542369691688,107.23300567680162,105.72527957862602,92.96888452390672,93.20224298378223,86.96270507683062,89.73587212585888
2006-03-01 00:00:00,96.903937362843,95.89186312913775,107.23532866236967,106.2226059883896,93.7173615469424,92.90218725692789,99.20048024361743,88.6063357117088
2006-04-01 00:00:00,95.46104219990306,96.72190750927588,105.75014217129547,106.77956769800515,91.9783401766817,92.76336830569176,88.82069198366712,88.20441037377094
2006-05-01 00:00:00,95.28498536911044,97.44121519250108,105.49728425441896,107.24330306532146,91.85710323052507,92.70981381400473,76.68411618931054,88.72493553091707
2006-06-01 00:00:00,101.00260631343663,98.10491043459272,109.65366221654489,107.58045038964727,93.63213914090227,92.68399226639868,96.47991920502369,89.9151042576022
2006-07-01 00:00:00,98.87469339353873,98.80724474082986,108.10743098029901,107.85337771741129,92.94793105152769,92.60873564210497,91.65007531279421,91.60023299387156
2006-08-01 00:00:00,99.26626812266626,99.5731605141658,108.44795364245338,108.20135097637628,92.85544294295853,92.5390887298143,91.65593048002388,93.62145623164304
2006-09-01 00:00:00,99.84792763900181,100.34957890860053,107.72749722550157,108.67291862163864,92.779394955643,92.60138713826873,99.56999490181283,95.82639668826225
2006-10-01 00:00:00,99.92956524388286,101.06714444380341,107.63762716004699,109.19347041668252,91.0315116719067,92.90556713436203,93.94596964284551,97.29643656827376
2006-11-01 00:00:00,102.69255519086725,101.71715591294,111.03101883571227,109.72510316647657,93.92603858799288,93.4477781864871,92.69053355909712,97.34587091300487
2006-12-01 00:00:00,102.69255519086725,102.19230912196633,110.66368415061616,110.1432148024989,93.76756909921109,94.16991682550781,111.47983485336371,95.8345198272909
2007-01-01 00:00:00,102.83454510258386,102.3730543829564,110.97216605738153,110.29582449711509,96.03096574290741,94.89727193090141,85.35202740908736,93.0238663530093
2007-02-01 00:00:00,102.17051648727363,102.15319302063912,109.87574752617856,110.08705058405342,95.77617902449227,95.42786413482719,86.7701601465668,89.586063776662
2007-03-01 00:00:00,102.17051648727363,101.81477730092483,109.90576978149798,109.67368512105693,95.71441118415581,95.53687280591838,95.32994748490516,86.58069970471502
2007-04-01 00:00:00,100.93986601984523,101.72744529841401,108.55548977810678,109.28814671947465,94.92408088933114,95.32880409365131,75.44518893307067,85.08802965884617
2007-05-01 00:00:00,100.76518083309384,102.22776155288017,108.3080544809238,109.12230108545279,95.86448999802931,95.38729162059221,81.56512257689313,85.99178403405416
2007-06-01 00:00:00,103.66667974492199,103.25083177216325,110.00630814684271,109.17001926433946,95.82431524463931,96.08448556724763,93.01430818253458,88.48406123541928
2007-07-01 00:00:00,103.12874032152212,104.40913377876383,109.23668907243628,109.28370645677069,95.45753958866692,97.32747648609794,94.35938006004554,91.87314703459793
2007-08-01 00:00:00,106.92551657194126,105.2439955738622,109.63181616083453,109.75153584311882,95.83628133046147,98.77590568039159,90.1096794398498,95.17638280409489
2007-09-01 00:00:00,106.92551657194126,105.38911033981405,109.6225666023124,110.25996039436164,103.73848169607916,99.92942727331778,105.29572660858597,97.78065136280236
2007-10-01 00:00:00,105.7915109494116,104.77247277145581,108.6383011333803,110.02707813723995,104.74573118430374,100.42860637142952,96.58114251300618,98.07504986392892
2007-11-01 00:00:00,101.69995647207476,103.60518422578163,108.62346646131434,108.25929977060123,97.16182934347893,100.12927490021414,84.51320131946149,95.86937551315349
2007-12-01 00:00:00,102.15238546788026,102.18871976545371,108.71083395690454,104.69639150759701,98.47086969052616,99.13231555025313,115.30174563528186,91.96652348878904
2008-01-01 00:00:00,100.4420893172589,100.81064746114113,107.6476043694842,99.70218695910636,97.58102131640987,97.77276113147538,79.16938705501643,87.14925993296242
2008-02-01 00:00:00,100.4420893172589,99.80612170777806,86.31878474824326,94.26023775527183,97.06656757725366,96.64102460284643,77.53785831881709,82.69483361451486
2008-03-01 00:00:00,100.4420893172589,99.53004842969791,86.10943377040694,89.63406362027979,96.6619200570514,96.2466030217133,73.18387424562248,79.63395823474798
2008-04-01 00:00:00,99.04244343414598,100.09062892130007,85.02679968256959,86.7450246614524,95.39130929734196,96.63652790853881,84.49908056180908,78.53308934205941
2008-05-01 00:00:00,99.03712265124851,101.53306333916538,86.56097065979796,85.87054133605491,96.21099489691917,97.48845282149608,74.61725547736305,78.92077324577942
2008-06-01 00:00:00,103.0810892237703,103.65703184196923,87.85351097370256,86.58087018415392,99.00614184738693,98.60823076922635,84.76307915563477,79.72185389127344
2008-07-01 00:00:00,107.62959320941043,106.04804881530411,88.86786033139485,87.92804768006489,101.23948906684218,99.91948549367402,82.24039871628425,80.31120495525576
2008-08-01 00:00:00,109.17648095491302,108.03971759841306,88.87264482678833,88.93052460284714,101.21132916092081,101.03967669106552,75.16244639195962,79.73471921466027
2008-09-01 00:00:00,109.67936400402223,109.08888807620724,88.5825081250155,89.16077155922966,101.12230242696579,101.59746635237677,84.60800516913339,77.97887124151814
2008-10-01 00:00:00,110.0046039514464,108.98741352403411,89.10050656578022,88.92247965894025,101.83723745344969,101.51423870108064,69.31473335348161,75.78576105103157
2008-11-01 00:00:00,107.3131672948162,107.9737936012712,88.76765625543439,88.4002569400899,101.38879300583947,100.9220632327033,71.58138146721625,73.8226038739484
2008-12-01 00:00:00,106.69800322552872,106.58952033230365,88.80624377055801,87.92900460769553,101.04695023990651,100.0340443607123,87.45141691602333,72.03793576499858
2009-01-01 00:00:00,104.01473424950231,105.51335038931232,86.032466991137,87.778580338641,97.28376665352637,99.05337551651192,57.07685140320888,71.07105564894975
2009-02-01 00:00:00,104.01473424950231,104.87954414374389,86.19651258676737,88.059435381633,97.22549653533827,98.09643557938578,62.51869483404974,70.9918102939649
2009-03-01 00:00:00,104.57456201705294,104.36107210283636,88.62123675481351,88.69799727638141,99.17336755878183,97.19380448175077,90.32281950270738,71.08687823931308
2009-04-01 00:00:00,103.64391121665331,103.33199658002208,90.74343006312733,89.48942694848945,95.54619128549609,96.39928454681908,60.50923568560712,70.98520122464693
2009-05-01 00:00:00,103.65114681112117,101.77342297164365,90.77475306391212,90.16199746350053,95.55324605787764,95.72557256266754,70.21896859388534,70.53040892051932
2009-06-01 00:00:00,103.65114681112117,99.94681884906456,90.67405896044404,90.47604598991994,95.97759477832732,95.14862949929729,80.46598486235726,69.63629706021952
2009-07-01 00:00:00,94.04600061770829,98.26613292415372,89.74807775312532,90.42430622507221,94.21767512829456,94.75205767142772,61.53307635601994,68.78331901242117
2009-08-01 00:00:00,94.0707517694903,96.90050663624037,89.85598020062753,90.20070069689793,93.9127403875831,94.6563276744078,60.27412170494617,68.45584796298233
2009-09-01 00:00:00,94.08860279376466,96.10368992757115,89.89306233085259,90.08312323823284,95.22540211231377,94.95571995827552,77.76682050735297,69.02498274345618
2009-10-01 00:00:00,103.810514778619,96.16308658230636,89.73108541168524,90.17748734361031,94.90217270791052,95.4669397071801,65.32797637086642,69.55707122522536
2009-11-01 00:00:00,94.82477804289212,96.98630877940656,90.13349097457613,90.39490740712652,95.99690058655466,95.87983184679464,67.37442432495578,69.10054163614186
2009-12-01 00:00:00,95.668519283106,98.06732528636225,91.26630712140198,90.56963375402242,97.15796833139964,95.99032614826228,82.80705585832793,67.40136480342913
2010-01-01 00:00:00,95.24830412103857,98.81908551967244,90.50392399494513,90.62965309032732,95.77056877711085,95.66835983766093,53.08357452570021,64.14705164623854
2010-02-01 00:00:00,103.27547420747823,98.87370270022447,90.50924656548094,90.55884096065547,95.76154713344202,94.96785246007903,59.46111443429372,60.07238009134218
2010-03-01 00:00:00,103.29519680817462,98.33488564564969,90.53350376539848,90.44635282213802,93.28142563647857,94.1184046081274,61.47489896275977,56.4464716535953
2010-04-01 00:00:00,94.75081508626272,97.36062968100971,89.90844461861377,90.42284289308347,92.36970304511064,93.37389547679727,49.5998835936254,54.159069948419216
2010-05-01 00:00:00,94.36319729024476,96.21690380807759,90.17269363343947,90.59005014086179,92.94574522989427,92.89142751474573,49.03926494170696,53.64398858478478
2010-06-01 00:00:00,94.36319729024476,95.20751079357957,91.17630488819924,90.96505870270707,93.19431959892992,92.68047806821356,61.02162743551475,54.44099614896785
2010-07-01 00:00:00,93.69376658640977,94.89707299340776,90.88490848590575,91.47424342359437,92.42511714458428,92.65138044052208,52.58287035809989,56.09072187518942
2010-08-01 00:00:00,96.50095823373422,95.3571358286997,92.58620536024992,91.99316769774744,92.8563876910845,92.67129602371986,56.101296517313706,57.96004813999124
2010-09-01 00:00:00,97.48246321290318,96.16167177229278,92.664768442677,92.41952597521615,93.01325862965187,92.62833913285334,67.03783915976067,59.759780494084076
2010-10-01 00:00:00,97.08005882399543,96.79157042791327,92.31579996689479,92.63772640300759,92.07630317997605,92.50579275008263,56.5845620095199,60.219967851247354
2010-11-01 00:00:00,97.08702002441422,97.17689922398883,92.85373834016777,92.66906761613527,92.17878736976392,92.40071670313856,53.103695366286416,59.401654424723006
2010-12-01 00:00:00,97.1627432980119,97.71343158698842,92.87332981795034,92.77049179119729,93.19075331811696,92.83849453682377,74.98252441183648,57.76272687697202
2011-01-01 00:00:00,98.65906173938953,98.75641632695664,92.50659350942843,93.04292742419644,91.82125226534072,93.61530395835072,46.94582345806454,55.67963064593564
2011-02-01 00:00:00,98.7224771966522,100.46248980734946,92.48094237936978,93.33881453187044,92.03714532195936,93.75905431589216,50.899930931537256,53.9585127732044
2011-03-01 00:00:00,103.4780966577505,102.64853733745345,92.64271529710771,93.40256484497282,93.30993260175215,92.21608518813444,51.2766276533604,53.465498682690416
2011-04-01 00:00:00,103.660114743059,104.86360427997484,94.78725851212097,92.94352383028875,92.76971732900418,88.58714714399707,60.925689848560715,54.64353557524222
2011-05-01 00:00:00,109.04961352239698,106.69850086627866,95.00151187426867,92.04826405961946,93.15928648796591,83.2763133634758,51.052497681785425,57.614505164883525
2011-06-01 00:00:00,109.04961352239698,108.20929311897606,88.98937782174457,91.1099048290008,68.32878517909387,77.27498368947953,62.70789767840372,61.640266942621565
2011-07-01 00:00:00,107.23798472343753,109.36223202276508,88.52254302741726,90.15790041719242,66.2096851368868,72.0960945645015,68.42445051153967,66.22452545580603
2011-08-01 00:00:00,107.81809548965757,109.56293112051793,89.06117933111044,89.58455490518577,68.10117847785465,68.85705934475297,66.89593058080182,70.47406951915382
2011-09-01 00:00:00,107.89243301615895,107.90897985751214,89.94295921090618,89.91118587392263,69.85129372429404,67.68410144370706,80.72227000033608,73.97643039328534
2011-10-01 00:00:00,107.55314928240652,104.02510894605744,94.7693014690041,91.66775785176392,68.39681691117283,67.888062288737,72.08515733381338,76.09188821359203
2011-11-01 00:00:00,106.50166397472023,98.24047884399783,93.28816204667291,94.85124916023963,68.40311485742261,68.32265418281928,70.49484519644317,76.38873867391531
2011-12-01 00:00:00,89.22734584409726,91.62616206372054,91.13183634987001,99.17355914017688,73.08635315090419,68.06615984478307,92.96811450926549,74.47597929056236
2012-01-01 00:00:00,77.79016253150887,85.84614564732809,109.84333727127192,104.30750108677498,64.30141535318714,67.00697314349577,61.15225051033241,71.28181761376496
2012-02-01 00:00:00,77.21438507124867,81.67756757573595,109.77828226379665,109.64213702768265,63.38060307548272,66.00538978589796,64.20781317139084,67.68799196414578
2012-03-01 00:00:00,81.58359437408772,79.5286456365874,116.916781822368,114.36716837983575,66.69279481893689,65.4657061616559,71.4013938952694,64.38066882192408
2012-04-01 00:00:00,80.960485865105,78.85810480278954,115.6940939537609,117.86104905270098,65.4438990715737,65.48732584765644,54.46273805458948,61.99577305875462
2012-05-01 00:00:00,81.3792784083272,78.41899471460326,122.00315481312009,119.90319989036539,66.00399951929414,66.00523015864833,58.371089151850704,60.95388600802168
2012-06-01 00:00:00,81.0458497012878,76.96455152474697,122.04856086549015,120.67542100159861,66.12078261158804,66.67026082115495,70.64999935903744,60.71670657731484
2012-07-01 00:00:00,63.51286831772675,74.17786856746251,117.5568651879711,120.7039269498581,68.72011699456962,67.38637185032717,57.364667181939396,61.42823725160345
2012-08-01 00:00:00,80.5121066338394,70.80502635701282,121.25532433789085,120.46600061251176,68.40056123224021,68.11740994793314,59.38911429062782,63.01596007873179
2012-09-01 00:00:00,64.26288025067113,67.46015777077999,120.38689802357435,119.97396411822939,68.10914906111121,69.01903365010563,68.67828344518661,65.37070000406938
2012-10-01 00:00:00,63.77916069516774,64.76559665876113,120.42506058105481,119.50713083090234,68.97714935909562,70.00630617291024,64.54446656765064,67.67471225793264
2012-11-01 00:00:00,63.83171495877685,63.41357933887867,117.58384670270739,119.14469283094385,69.28364392121186,70.94574701821591,61.345002994499595,69.43398938109355
2012-12-01 00:00:00,62.8935834079323,63.51110145919801,118.31888066301369,119.03199678640148,77.51208056771121,71.68767681132283,94.31099208899658,70.18466470694209
2013-01-01 00:00:00,63.147382886533904,65.02137521000938,120.93327454756313,119.08323084940346,69.14335868276733,72.10497338689343,57.78774541766019,69.23627879466615
2013-02-01 00:00:00,63.976359979078,67.57246216058762,118.20557841335129,119.29336373454774,71.62759968432748,72.20777199621958,60.43278984671895,66.88804290491031
2013-03-01 00:00:00,76.45268673149299,70.56816967849166,119.66211589100647,119.6432517236927,73.00783941239638,71.98470601184145,73.57473751089596,64.00792088184676
2013-04-01 00:00:00,75.59547595635165,73.05592881178247,120.13913495743127,120.00387230517408,71.71839675472076,71.67944731653722,58.19172190424344,61.635004277864994
2013-05-01 00:00:00,70.91492414425026,75.09059012337667,121.53150571852828,120.45151256001523,70.28563015431439,71.47640566971084,56.105921934484954,60.486325923701536
2013-06-01 00:00:00,80.01711180417776,76.836424595029,119.80022091922893,120.97566139751896,72.25077058027236,71.41051226179341,62.37953408165667,60.346741950074865
2013-07-01 00:00:00,73.84921161829615,78.10030250463603,120.45522178314549,121.4842160263563,71.79783425326919,71.46491929281706,62.225731703829744,61.114717810319505
2013-08-01 00:00:00,79.50423376970275,78.8255548260279,122.05913706330796,121.70345057258996,70.2449673447921,71.60807436869949,58.07117955990148,62.21448109819944
2013-09-01 00:00:00,81.85175131547477,79.20509650166201,123.07590132564185,121.433893697445,73.75448000199779,72.01224959558517,72.70947297224545,63.85940423754481
2013-10-01 00:00:00,81.13308556427009,79.3433751458724,122.20920185283344,120.70052426644683,70.2303287828297,72.45509306442969,56.689527163172976,64.99024522776931
2013-11-01 00:00:00,81.50707270509481,79.80874851293414,118.05016249697975,119.67123518726203,73.5996912352469,72.83027680340554,61.66870952646635,65.35650650863876
2013-12-01 00:00:00,71.03445740379769,80.65247580066527,118.22872810405156,118.60302441549088,74.78561769380653,73.25002925458959,81.89657511117039,65.1135840725217
2014-01-01 00:00:00,83.25049620744352,81.78973652581249,116.77731226400273,117.74953502428818,73.15089583301227,73.63240686610875,54.24982241449975,64.15173740487649
2014-02-01 00:00:00,86.16622051861219,82.95840342632809,117.17768833667067,117.28263436456842,72.98404641532242,73.86367169203919,60.40541006689489,62.5083014624728
2014-03-01 00:00:00,86.34520871524286,84.3415449767903,117.19061491746353,117.12575711866467,73.13471007945707,73.95303641461129,61.354046011223474,60.43588072950811
2014-04-01 00:00:00,91.86969924848468,85.65259371741789,118.35210808131559,117.01824438431736,75.87745314226659,74.0214420716724,65.27879136386133,58.31770675037516
2014-05-01 00:00:00,71.62469642829406,86.63869076018618,116.19739871188672,116.75424058563465,75.3815556739387,74.14492708196309,49.65449328489672,56.55952632710705
2014-06-01 00:00:00,92.33244895560661,87.26579189700315,116.49343869659516,116.4025414709292,71.39772447625394,74.4273607560201,57.444756211528556,55.65375459992277
2014-07-01 00:00:00,89.95971940762358,87.75279330464227,116.05424626666758,116.23864714394323,75.23329640443279,74.80833741579035,54.65072555585694,55.66269132760557
2014-08-01 00:00:00,91.96192212693657,88.30058443306409,116.02699573425122,116.4396345347418,75.34424752023759,75.24508027935502,54.784057033756085,56.46682536969306
2014-09-01 00:00:00,85.68513641331685,88.61677147719685,116.13893014224834,117.07428574768439,76.87382147391577,75.74988940762886,60.696386867899236,58.42283048925355
2014-10-01 00:00:00,86.84010343175055,88.58963756114866,117.55779976037488,117.98055974192398,75.86683998426628,76.23670000194866,58.58513053423863,60.92789750498342
2014-11-01 00:00:00,88.13978221870272,88.36582966492846,119.94498656723944,118.90957439627967,76.13872076677083,76.53519308789933,61.60022380689792,63.10764275441355
2014-12-01 00:00:00,89.56470922612804,88.29017225235117,120.44157871880124,119.68382424495267,77.30466010456948,76.59703032669495,71.52814662767638,64.11396594686542
2015-01-01 00:00:00,89.14219519314891,88.7885169689216,120.18227484913054,120.30048202590214,76.27098485390943,76.63018117109036,60.113729194900394,63.877651084739725
2015-02-01 00:00:00,88.96270081245369,89.28660742694345,120.20736137108314,120.75034546521974,77.19132801192056,76.83673810541842,64.00181893347137,62.51265018855656
2015-03-01 00:00:00,89.11935491193744,89.66111899264551,,,76.2925797236369,77.1743503194697,64.2539831456351,60.653637367573694
2015-04-01 00:00:00,89.9633315277598,89.87194011069073,,,77.16580088653815,77.64608189995342,53.50642544488115,59.173923815244166
2015-05-01 00:00:00,90.20209214866287,90.03731102667827,,,79.17932434138098,78.19623833292144,56.29150990356902,58.76480585737512
2015-06-01 00:00:00,90.78750135200355,90.11791280394947,,,78.95726998808523,78.75813145535248,61.51306410133795,59.56895217620643
2015-07-01 00:00:00,90.01984026669662,90.0580230782139,,,78.66721044329125,79.17253037180267,60.893920601175445,61.12232379951577
2015-08-01 00:00:00,89.82012221838905,89.94330056920013,,,79.4338201737872,79.39013374208187,61.9993485859192,62.54495809334033
2015-09-01 00:00:00,90.00259654585422,90.00111916975557,,,80.19769178243847,79.47154534200358,67.1987460042952,63.355259590919566
2015-10-01 00:00:00,89.6881376239081,90.4357088916658,,,79.24068775087987,79.49825616396355,62.21357167636983,62.97688389006656
2015-11-01 00:00:00,91.11904013729666,91.27746724161963,,,79.13579876070139,79.55277848541303,60.893359188889775,61.6575424792087
2015-12-01 00:00:00,91.56597314566086,92.35227687287953,,,78.89976409372086,79.60734081658032,62.09794641479334,60.00848977481317
2016-01-01 00:00:00,94.49219223496588,93.43154639319962,,,80.78125043772363,79.62344028601387,54.816137044392654,58.433079356634856
2016-02-01 00:00:00,94.94890873060713,94.28653593835193,,,79.48776902915422,79.60806109675516,58.88079553787315,57.26317731397826
2016-03-01 00:00:00,95.06346700909576,94.78359683035495,,,79.57857956094983,79.52828881273807,55.12596537690507,56.41926813985834
2016-04-01 00:00:00,94.43608402351693,94.93977493623856,,,79.16524483372241,79.38938817026185,58.365189579474546,56.161937620646896
2016-05-01 00:00:00,94.46694463654956,94.86543254846603,,,79.0927225347877,79.24793575417378,55.140848775294764,56.71307800564342
2016-06-01 00:00:00,95.25125871077593,94.65825419356587,,,79.56325771286599,79.17215881086459,58.60161736031675,57.669196000741906
2016-07-01 00:00:00,94.17979015154859,94.49389498168858,,,78.85273115540727,79.24028568447311,57.44588042266523,59.33709971583374
2016-08-01 00:00:00,94.38955181522591,94.48209538136287,,,79.05217801225139,79.43919363492512,57.58553089343226,61.80395603084014
2016-09-01 00:00:00,94.8804992200623,94.55036349548739,,,80.33643839502047,79.65520880259004,73.70007601718608,64.1970625158393
2016-10-01 00:00:00,93.90037137403019,94.67170553818504,,,79.55143404821227,79.8422409029545,61.6494688545441,66.16726256672568
2016-11-01 00:00:00,94.23701573285564,94.77314475199856,,,79.7390870923674,79.96722889890364,61.292621600805205,67.61742801088614
2016-12-01 00:00:00,96.94463516981224,94.82915343079745,,,81.15986867125818,80.02023197613552,84.48003324622378,68.38198372930066
2017-01-01 00:00:00,94.12092256481172,94.84151828522306,,,79.28857299794439,80.00364056330226,58.89131069736588,68.45798092465978
2017-02-01 00:00:00,94.1504111953881,94.87392176647252,,,79.68540067760681,79.96386736647486,59.58452288525014,68.0679975443733
2017-03-01 00:00:00,95.2932421922341,94.89035211353253,,,80.40115426073187,80.01605093614843,81.85311161371818,66.97179149685344
2017-04-01 00:00:00,93.78597315443504,94.83931278754984,,,80.25233986311969,80.25750703791863,59.69317358758716,65.2183304818613
2017-05-01 00:00:00,95.9738181592481,94.72077619409109,,,80.33311543363797,80.41737474898301,64.67061821219426,63.26222048132698
2017-06-01 00:00:00,95.10604359827906,94.57711709977316,,,80.92873595949969,80.57379609641366,61.463170493106404,61.56387830180747
2017-07-01 00:00:00,94.46300115231274,94.41196556609039,,,81.92114056596003,81.20815593462447,59.576340616070596,60.82806100758504
2017-08-01 00:00:00,92.26858652925421,94.2161058160104,,,83.23088724406156,82.80547311200885,54.35604222002573,61.401543294082956
2017-09-01 00:00:00,94.85387590123567,94.05661230933957,,,83.41270218559237,85.54106376731009,70.83060935330207,63.32598787233554
2017-10-01 00:00:00,94.16092015104961,93.92527204652927,,,82.66210936835218,89.14972819351732,63.48394211888179,65.82363639582704
2017-11-01 00:00:00,94.32602751450915,93.80056760543468,,,98.26934124318018,92.99371091347516,62.57058826089328,67.946953909513
2017-12-01 00:00:00,93.84632072166961,93.6795291565947,,,100.08426970988862,96.26996692609156,84.86517425366647,69.28484156382397
2018-01-01 00:00:00,92.69923791583383,93.52357535191898,,,98.21222885585422,98.41517651735295,60.02189086828762,69.42980974878226
2018-02-01 00:00:00,93.23962475531546,93.4191796645551,,,98.51585469070612,99.30631540655125,63.764911002057545,68.76386531704286
2018-03-01 00:00:00,93.67301329241991,93.4309118731313,,,98.99020283951798,99.19026188365032,78.5446752638515,67.55747079473907
2018-04-01 00:00:00,93.54749971023868,93.54423442821731,,,97.86412808775269,98.74018729463413,61.851030855229034,66.21881260638834
2018-05-01 00:00:00,93.64612963347506,93.61914867354224,,,97.90929220298639,98.62332894067806,61.39259148804216,65.18798585119244
2018-06-01 00:00:00,93.87257454457824,93.60340743063854,,,99.79832384489089,98.96910932448206,69.8426655750923,64.53538560958638
2018-07-01 00:00:00,93.60522407675334,93.51936182476756,,,99.30263688394679,99.43591140913995,62.569472041675766,64.86477058616553
2018-08-01 00:00:00,92.89937195288786,93.35908945714874,,,99.34726495494031,99.93544623838719,61.781232048749914,66.36746187646749
2018-09-01 00:00:00,92.91369731395311,93.04730703109004,,,101.77442421635534,100.42987967494962,72.6580371956171,69.02761293883457
2018-10-01 00:00:00,92.80421573209213,92.65808412446138,,,100.00290832717788,100.85835252799424,68.98721998049763,71.05444958711304
2018-11-01 00:00:00,92.65702429218413,92.20368731669416,,,100.69056678568896,101.24302357725614,66.41073798835224,71.75585734410737
2018-12-01 00:00:00,91.95567121121614,91.5738908753046,,,102.92115702146629,101.61057569627151,92.39502495787605,71.2083803404323
2019-01-01 00:00:00,89.04434090068544,90.63940179366554,,,101.07049931567099,101.94786124037711,60.38366492732393,69.50633824994465
2019-02-01 00:00:00,89.5613963769285,89.56464096678518,,,102.2768078600589,102.22895343187112,60.01088840710044,67.18243778486132
2019-03-01 00:00:00,91.10139347179037,88.1090549137535,,,102.66557028817945,102.44479421109949,60.9505580317967,64.97118077064387
2019-04-01 00:00:00,84.48902984980906,86.18770794487926,,,102.75915690802753,102.58973625115769,75.85474445784205,63.342583249434306
2019-05-01 00:00:00,83.65554002836261,84.04279072262776,,,102.20889410412784,102.64843684136923,56.20755962487512,62.4567764534318
2019-06-01 00:00:00,83.44331722401172,82.10804984513945,,,103.00194898292149,102.62059603737087,64.66050309519412,61.847154592679985
2019-07-01 00:00:00,82.82313429790253,80.72244389820209,,,102.34439180828555,102.48989380034973,60.689389883585285,61.73240273849324
2019-08-01 00:00:00,72.08222464618126,80.1666800695392,,,102.12868596298412,102.24599029427813,58.08692239653831,62.25493744796229
2019-09-01 00:00:00,83.32136240717709,80.33385445406502,,,102.74927616835791,101.95655128544692,68.32603986774681,63.75825546846922
2019-10-01 00:00:00,82.73233284530546,80.43542771220585,,,101.08347346801258,101.40784560237026,61.50114777540113,65.61946933056667
2019-11-01 00:00:00,81.87885013225899,80.46965133420387,,,100.87110537643323,100.77943865328155,63.57535953572808,67.49600196890574
2019-12-01 00:00:00,81.0343048121574,80.93400651822515,,,102.12109248263889,100.60214220939346,88.55977235662102,69.15944827397082
2020-01-01 00:00:00,81.64561994790988,82.23077245452825,,,100.5105289654395,101.61917199355672,61.35051403179363,71.54220700569157
2020-02-01 00:00:00,79.07808127940758,84.07549470536026,,,101.39927481061302,103.88476055021965,62.21180731862377,74.63224728850278
2020-03-01 00:00:00,81.5524739407616,86.3629445091723,,,101.81021118292388,106.87535593034073,83.54596887888071,78.18879174789323
2020-04-01 00:00:00,100.26996349601815,88.74293903285266,,,114.48068178002781,109.76776888545962,85.52970801044667,81.51764284680942
2020-05-01 00:00:00,90.55961225380301,90.6848992048244,,,115.57672983613112,111.83490988533498,84.42217202759493,83.71781590800944
2020-06-01 00:00:00,91.37512518113498,91.93525591148827,,,116.2974453170533,112.68532102408037,91.93251151816884,84.38670015573591
2020-07-01 00:00:00,83.17567405270614,92.09472670771177,,,106.19085364749165,112.20593698112305,74.96124283446426,83.51012750469597
2020-08-01 00:00:00,96.25387176320952,90.78500448325897,,,109.62910887252626,110.62223808104645,81.5646877259661,81.56043466404863
2020-09-01 00:00:00,88.8738272097853,88.03248093832084,,,109.77197104393792,108.56771408246213,79.78749991578819,79.76076530241856
2020-10-01 00:00:00,91.35137452267834,84.30437475757621,,,108.0798471253997,106.81461589763718,75.14621997315908,78.14677172927563
2020-11-01 00:00:00,77.15295762964577,79.9468407699733,,,104.8356324259365,105.2940305064957,79.92260716468529,75.94055736539326
2020-12-01 00:00:00,69.75016300089997,75.2816115737259,,,100.15256285670199,102.99579415137941,78.40818076467846,72.90602168487811
2021-01-01 00:00:00,69.75298434473602,71.60753691986594,,,99.48699594448321,99.23997266025019,65.7571054462666,69.37658572102919
2021-02-01 00:00:00,69.75298434473602,69.31809804425846,,,98.55591629967353,93.93573400925443,61.90209865763053,65.71020935615878
2021-03-01 00:00:00,70.378875269058,67.71310499412955,,,93.3921465891435,87.6926729968147,64.17455632217859,62.23965362927784
2021-04-01 00:00:00,64.95603636819214,65.68287275830383,,,75.62930939739698,81.3492422383193,57.04914674551123,59.437648029094355
2021-05-01 00:00:00,64.33088087489777,62.639329231078904,,,71.55946429846351,75.92769217816632,62.62459482423933,58.082897658507875
2021-06-01 00:00:00,64.3688068266784,58.68970959371043,,,71.76273838196204,72.108684199867,59.78303023849425,58.26965217441517
2021-07-01 00:00:00,48.028873801339,54.36944108213449,,,69.90583206228747,70.10141756632179,50.35246850476016,59.39654929572514
2021-08-01 00:00:00,46.76219013547596,50.41890315276804,,,71.67907655126189,69.63057102928107,56.756012253579364,60.797968765781434
2021-09-01 00:00:00,53.26069323700313,47.689700726557554,,,72.02119518086694,69.98227585424965,73.75322471276212,61.5445812044187
2021-10-01 00:00:00,44.037441290033755,46.572185915110516,,,69.0893350146349,70.39742594459484,63.65315218954395,61.67425700899261
2021-11-01 00:00:00,48.39895455430475,46.83448862415225,,,68.32314271997916,70.59985526049873,58.93432024943945,61.17202212848957
2021-12-01 00:00:00,39.63552508716142,47.81587283318013,,,71.47248144188632,70.68545463946298,58.254905389109645,60.066908670479464
2022-01-01 00:00:00,54.25620701774346,48.56470879647129,,,72.59315469915573,70.61704641522662,54.079385451901075,58.68906980576088
2022-02-01 00:00:00,54.77833846605448,48.61778733266897,,,71.6919568319802,70.32584353525253,55.939446907504674,57.72355331245347
2022-03-01 00:00:00,45.968543394965025,48.04171021214865,,,68.47308557953822,69.76140569793886,73.49570649241916,57.09356454361253
2022-04-01 00:00:00,46.35239595119962,47.468033952047115,,,68.8445603058979,69.27177289500446,47.44416673646582,57.37644513722334
2022-05-01 00:00:00,45.86600443925102,47.57143216206391,,,68.53111393253803,69.29947541763231,57.768643951861314,59.18683883608325
2022-06-01 00:00:00,46.728583450967605,49.06467060268141,,,71.14602467428259,70.10314890636367,64.97233928868647,63.13280039068423
2022-07-01 00:00:00,50.989941157555144,52.020357147492845,,,69.88786899282574,71.95160131233781,61.164227871937975,70.06055138850265
2022-08-01 00:00:00,54.28014726819998,55.800865411893525,,,73.26480782717246,74.64931950123015,73.00473452568458,79.32981918025438
2022-09-01 00:00:00,67.67726128928604,58.903613216363794,,,81.61682595659487,77.64228850631683,106.12761620507852,88.40521611867844
2022-10-01 00:00:00,57.3711676844103,60.57276549135235,,,76.8281384665599,80.29065742917959,86.82593749947901,94.57318711925095
2022-11-01 00:00:00,61.61727626134717,61.0288066499699,,,82.19088591899572,82.15065163332062,97.79361275143265,96.0692315709075
2022-12-01 00:00:00,61.75980195836994,60.58856382028226,,,89.34949230179139,82.93208390198838,111.26506528305806,92.98180446351407
2023-01-01 00:00:00,56.61981584454949,59.809829946272195,,,80.16421941615388,82.72696021738591,73.22629235571073,86.38786264118535
2023-02-01 00:00:00,58.12887945668792,59.18947527830593,,,80.63691308870112,82.03718299884537,73.79799524626036,78.74624255313768
2023-03-01 00:00:00,60.364592347010024,58.955522764910405,,,80.39218113280619,81.26580645487358,77.70778412756478,72.20647903744181
2023-04-01 00:00:00,61.5952660051696,58.85445069182533,,,80.67301002525394,80.56658598496665,61.412454211085695,67.60498194771816
2023-05-01 00:00:00,54.7111257740632,58.4212231470178,,,80.18300450536812,80.00858661005398,63.70191343182526,64.84875713255916
2023-06-01 00:00:00,58.859087919562505,57.57531705257727,,,81.15710062771697,79.71936709039744,70.22100157559353,63.75405947572099
2023-07-01 00:00:00,56.921869522733836,56.32020433588468,,,80.66562660686422,79.64090362067371,63.15477532456074,64.08685616785245
2023-08-01 00:00:00,57.204747812523166,55.01405835306662,,,76.25212892162637,79.78011770067052,62.1300972790541,65.86024718327141
2023-09-01 00:00:00,51.865688351502,54.06081110877925,,,80.85002279752862,80.30711402121638,68.30306940995621,68.66229456639618
2023-10-01 00:00:00,51.47495109005194,53.43651414411576,,,80.61241718783828,81.15122685351909,66.69607512385896,71.57186380918192
2023-11-01 00:00:00,52.55298626046859,53.062277233474525,,,82.97854543225091,82.0463105371667,76.12217904687239,73.91445258861592
2023-12-01 00:00:00,56.886889620283945,53.03968404217075,,,85.48880175665627,82.86510327159854,91.99948732445023,75.03996111106152
2024-01-01 00:00:00,53.2585876725697,53.55575153365013,,,81.39341650242865,83.48769491683,64.19428484455598,74.16933392606393
2024-02-01 00:00:00,53.066099236448565,54.49054751147133,,,82.7066076503922,83.60122172327708,61.19660391597128,71.38620653101472
2024-03-01 00:00:00,53.631710375496056,55.81908850159975,,,85.16560148910919,83.35461956089313,82.6318958020487,67.41873017641171
2024-04-01 00:00:00,58.02852082553748,57.3764170584423,,,82.33328259634702,83.27490366589223,60.0053162959618,63.37560676096071
2024-05-01 00:00:00,60.98175932897321,59.366803217448926,,,87.055557666658,83.81057889276968,56.61688659201976,60.560404403617085
2024-06-01 00:00:00,61.451827580292466,61.68617302567822,,,81.81888350384865,85.52836674184479,60.092898885213664,59.35478893955602
2024-07-01 00:00:00,62.564686478540956,63.836197935596196,,,81.7638519270371,88.49385706887972,57.80074604279621,60.01700957062528
2024-08-01 00:00:00,63.93462780642989,64.8213182361343,,,93.79538029615213,91.47298903733194,58.730886872638784,62.4842609112612
2024-09-01 00:00:00,63.8705651825865,64.00221348270233,,,94.12626192839794,92.58329122683462,70.40853567142207,66.45555100054983
2024-10-01 00:00:00,69.38412007162209,61.43859227851419,,,94.91939999559425,90.10834636773815,70.31853122498123,69.99017581652097
2024-11-01 00:00:00,58.233520652810476,57.892114789362914,,,93.21354405472438,84.04513051902431,68.22385522131704,71.85635471318359
2024-12-01 00:00:00,51.700426117716184,54.294594034316106,,,76.12701336345904,75.71960257566889,86.9511757247494,72.04496183587412
2025-01-01 00:00:00,43.64096835413591,51.50841919974193,,,55.23726717982766,67.12522453421458,62.61796836566757,70.73580929236284
2025-02-01 00:00:00,49.965167715636284,50.12020739450004,,,55.472058881543305,60.33465420769356,64.64082841022089,68.5313156252232
2025-03-01 00:00:00,54.7101906900785,50.00442521533277,,,55.86237006851862,56.128175629289146,64.7105406080167,66.0309083379846
2025-04-01 00:00:00,53.15160826513407,50.69481957238969,,,64.08734182594915,54.367637883990255,72.59119526689817,63.913207616541655
2025-05-01 00:00:00,50.002913434848814,51.72089055369195,,,52.5638090885876,54.52779564233244,56.82324462043502,62.80278178864982
2025-06-01 00:00:00,50.834029060248064,52.6127065999315,,,53.179742498974484,55.468310427876084,64.69045626887223,62.79302935138103
2025-07-01 00:00:00,53.14118357154942,53.40735778970522,,,54.40572425452047,56.59829867087714,60.662018572719724,63.80425318218123
2025-08-01 00:00:00,51.80777386005638,54.08598155705158,,,55.04052508294385,57.82267791599366,60.566256289997405,65.226892964265
2025-09-01 00:00:00,58.89586875479872,54.45416613693686,,,66.22274516303855,59.061954054244175,75.31285616855696,67.09628022169511
2025-10-01 00:00:00,56.70281380806761,54.05601713948822,,,60.89968597093163,59.757873659217054,68.94775052482632,68.68521850192603
2025-11-01 00:00:00,50.64071623332685,52.86679458473845,,,56.74263543170717,59.47615167545342,65.53057655257794,69.40826987885792
2025-12-01 00:00:00,50.79636657771479,51.40672915470302,,,61.78270637706691,58.56506782052452,76.31497084841166,69.49118452979698
2026-01-01 00:00:00,48.41492485151936,50.01567065205686,,,52.43885361387641,57.59011823475916,62.56006436399261,69.42912799591556
2026-02-01 00:00:00,49.335126588453555,48.829914342080215,,,57.844131622619486,56.57354005119447,70.31829773945604,69.05935991196404
,,,,,,,,
n.a. = not available,,,,,,,,
Base: July 2003 = 100,,,,,,,,
Indexes prior to July 2003 constructed using airfares collected using SABRE Pacific's Computer Reservations System. ,,,,,,,,
Indexes for July 2003 onwards using airfares collected from BITRE Internet air fare survey,,,,,,,,
Consumer Price Index Source: Australian Bureau of Statistics,,,,,,,,
